{
  "jerk_abs_max": 4.501158815,
  "heading_rate_abs_max": 1.258282,
  "delta_speed_abs_max": 4.501244586,
  "dt_max_used": 60.0
}