split,n_raw,n_clean,removed,removed_pct
train,2519302,2311853,207449,8.234383968257875
test,675506,624212,51294,7.593418859343958
