split,n_total,n_benign,n_attack,attack_ratio
train,2311853,1494753,817100,0.35343942716080995
test,624212,373222,250990,0.4020909562776749
