{
  "jerk_abs_max": 4.501116,
  "heading_rate_abs_max": 1.2462885680000122,
  "delta_speed_abs_max": 4.501116,
  "dt_max_used": 2.0
}